Municipality Name,Email,Phone,Website
"...","","",""
"Abbeville	P. O. Box 427 Abbeville, AL 36310	(334) 585-6444	www.cityofabbeville.org	mwilson@cityofabbeville.org","mwilson@cityofabbeville.org","(334) 585-6444","www.cityofabbeville.org"
"Adamsville	P. O. Box 309 Adamsville, AL 35005	(205) 674-5671	www.cityofadamsville.org	lcarmichael@cityofadamsville.org","lcarmichael@cityofadamsville.org","(205) 674-5671","www.cityofadamsville.org"
"Addison	P. O. Box 98 Addison, AL 35540	(256) 747-2971	www.town-of-addison.com	addisonc@hiwaay.net","addisonc@hiwaay.net","(256) 747-2971","www.town-of-addison.com"
"Akron	P. O. Box 8 Akron, AL 35441	(205) 372-3148		townofakron2013@gmail.com","townofakron2013@gmail.com","(205) 372-3148",""
"Alabaster	1953 Municipal Way, Suite 101 Alabaster, AL 35007	(205) 664-6800	www.cityofalabaster.com	cityhall@cityofalabaster.com","cityhall@cityofalabaster.com","(205) 664-6800","www.cityofalabaster.com"
"Albertville	P. O. Box 1248 Albertville, AL 35950	(256) 891-8200	www.cityofalbertville.com	dawnsmith@cityofalbertvilleal.gov","dawnsmith@cityofalbertvilleal.gov","(256) 891-8200","www.cityofalbertville.com"
"Alexander City	281 James D. Nabors Dr Alexander City, AL 35010	(256) 329-6700	www.alexandercityal.gov	cityclerk@alexandercityal.gov","cityclerk@alexandercityal.gov","(256) 329-6700","www.alexandercityal.gov"
"Aliceville	419 Memorial Pkwy, Ne Aliceville, AL 35442	(205) 373-6611	www.thecityofaliceville.com	dmccaa@nctv.com","dmccaa@nctv.com","(205) 373-6611","www.thecityofaliceville.com"
"Allgood	P. O. Box 150 Allgood, AL 35013	(205) 274-7138		townofallgood@gmail.com","townofallgood@gmail.com","(205) 274-7138",""
"Altoona	P. O. Box 279 Altoona, AL 35952	(205) 589-2311	www.youraltoona.us	altoonaclerk@yahoo.com","altoonaclerk@yahoo.com","(205) 589-2311","www.youraltoona.us"
"Andalusia	P. O. Box 429 Andalusia, AL 36420	(334) 222-3313	www.cityofandalusia.com	kelly.ralls@cityofandalusia.com","kelly.ralls@cityofandalusia.com","(334) 222-3313","www.cityofandalusia.com"
"Anderson	P. O. Box 8 Anderson, AL 35610	(256) 247-3617		townofanderson@gmail.com","townofanderson@gmail.com","(256) 247-3617",""
"Anniston	P. O. Box 2168 Anniston, AL 36202	(256) 236-3422	www.annistonal.gov	sbass@annistonal.gov","sbass@annistonal.gov","(256) 236-3422","www.annistonal.gov"
"Arab	740 N. Main Street Arab, AL 35016	(256) 586-3544	www.arabcity.org	arab@arabcity.org","arab@arabcity.org","(256) 586-3544","www.arabcity.org"
"Ardmore	26494 First Street Ardmore, AL 35739	(256) 423-2549	www.townofardmorealabama.com	townofardmore@ardmore.net","townofardmore@ardmore.net","(256) 423-2549","www.townofardmorealabama.com"
"Argo	100 Blackjack Rd Argo, AL 35173	(205) 352-2120	www.cityofargo.org	city.argo@gmail.com","city.argo@gmail.com","(205) 352-2120","www.cityofargo.org"
"Ariton	P. O. Box 53 Ariton, AL 36311	(334) 762-2266		townofariton1906@gmail.com","townofariton1906@gmail.com","(334) 762-2266",""
"Arley	P. O. Box 146 Arley, AL 35541	(205) 387-0103		tfarley@bellsouth.net","tfarley@bellsouth.net","(205) 387-0103",""
"Ashford	P. O. Box 428 Ashford, AL 36312	(334) 899-3366	www.cityofashford.com	cityclerk@cityofashford.com","cityclerk@cityofashford.com","(334) 899-3366","www.cityofashford.com"
"Ashland	P. O. Box 849 Ashland, AL 36251	(256) 354-2121	https://www.cityofashlandal.com	ashlandcity1871@outlook.com","ashlandcity1871@outlook.com","(256) 354-2121","https://www.cityofashlandal.com"
"Ashville	P. O. Drawer 70 Ashville, AL 35953	(205) 594-4151	www.cityofashville.org	cstjohn@cityofashville.org","cstjohn@cityofashville.org","(205) 594-4151","www.cityofashville.org"
"Athens	P. O. Box 1089 Athens, AL 35612	(256) 233-8730	www.athensal.us","","(256) 233-8730","www.athensal.us"
"Atmore	P. O. Drawer 1297 Atmore, AL 36504	(251) 368-2253	https://welcometoatmore.com/	beccas@cityofatmore.com","beccas@cityofatmore.com","(251) 368-2253","https://welcometoatmore.com"
"Attalla	612 Fourth St. Nw Attalla, AL 35954	(256) 538-9986	www.attallacity.com	mcash@attallacity.org","mcash@attallacity.org","(256) 538-9986","www.attallacity.com"
"Auburn	144 Tichenor Ave., Suite 1 Auburn, AL 36830	(334) 501-7260	www.auburnalabama.org	webocm@auburnalabama.org","webocm@auburnalabama.org","(334) 501-7260","www.auburnalabama.org"
"Autaugaville	P. O. Box 237 Autaugaville, AL 36003	(334) 365-9563		jane.hyde@autaugavilleal.com","jane.hyde@autaugavilleal.com","(334) 365-9563",""
"Avon	732 Broadway Avenue Ashford, AL 36312	(334) 899-3715		townofavontownhall@hotmail.com","townofavontownhall@hotmail.com","(334) 899-3715",""
"Babbie	24123 Bethel Rd Opp, AL 36467	(334) 504-1407		townofbabbie@gmail.com","townofbabbie@gmail.com","(334) 504-1407",""
"Baileyton	P. O. Box 116 Baileyton, AL 35019	(256) 796-6447		baileytownhall@cyberbroadband.net","baileytownhall@cyberbroadband.net","(256) 796-6447",""
"Baker Hill	1896 Hwy 131 Baker Hill, AL 36027	(334) 616-6888		bakerhillgov@yahoo.com","bakerhillgov@yahoo.com","(334) 616-6888",""
"Banks	P. O. Box 6666 Banks, AL 36005	(334) 243-5768		townofbanks1@troycable.net","townofbanks1@troycable.net","(334) 243-5768",""
"Bay Minette	301 D'Olive Street Bay Minette, AL 36507	(251) 580-1619	www.cityofbayminette.org	cityhall@cityofbayminetteal.gov","cityhall@cityofbayminetteal.gov","(251) 580-1619","www.cityofbayminette.org"
"Bayou La Batre	13785 S. Wintzell Ave. Bayou La Batre, AL 36509	(251) 824-2171	www.cityofbayoulabatre.com	cityhall@cityofbayoulabatre.com","cityhall@cityofbayoulabatre.com","(251) 824-2171","www.cityofbayoulabatre.com"
"Bear Creek	P. O. Box 186 Bear Creek, AL 35543	(205) 486-4707	http://www.townofbearcreek.com/	bearcreek4707@yahoo.com","bearcreek4707@yahoo.com","(205) 486-4707","http://www.townofbearcreek.com"
"Beatrice	P. O. Box 56 Beatrice, AL 36425	(251) 789-2241		2beat.1901@frontiernet.net","2beat.1901@frontiernet.net","(251) 789-2241",""
"Beaverton	P. O. Box 70 Beaverton, AL 35544	(205) 698-0744		townofbeaverton@yahoo.com","townofbeaverton@yahoo.com","(205) 698-0744",""
"Belk	P.O. Box 195 Belk, AL 35545	(205) 932-9292		townofbelk@gmail.com","townofbelk@gmail.com","(205) 932-9292",""
"Benton	379 Washington St. Benton, AL 36785	(334) 874-7878		townofbenton@gmail.com","townofbenton@gmail.com","(334) 874-7878",""
"Berlin	461 County Road 1615 Cullman, AL 35058	(256) 736-3138	http://www.berlinal.gov	clerk@berlinal.org","clerk@berlinal.org","(256) 736-3138","http://www.berlinal.gov"
"Berry	30 School Ave. Berry, AL 35546	(205) 689-4562	www.townofberryalabama.org	townofberry@centurytel.net","townofberry@centurytel.net","(205) 689-4562","www.townofberryalabama.org"
"Bessemer	1700 Third Ave., N. Bessemer, AL 35020	(205) 424-4060	www.bessemeral.org	clerk@bessemeral.org","clerk@bessemeral.org","(205) 424-4060","www.bessemeral.org"
"Billingsley	P.O. Box 142 Billingsley, AL 36006	(205) 755-9809		billingsleytown2021@yahoo.com","billingsleytown2021@yahoo.com","(205) 755-9809",""
"Birmingham	710 North 20th St. Birmingham, AL 35203	(205) 254-2000	https://www.birminghamal.gov/","","(205) 254-2000","https://www.birminghamal.gov"
"Black	P. O. Box 301 Black, AL 36314	(334) 684-1340		townofblack1@gmail.com","townofblack1@gmail.com","(334) 684-1340",""
"Blountsville	P. O. Box 186 Blountsville, AL 35031	(205) 429-2406	www.blountsvilleal.com	townclerk@blountsvilleal.com","townclerk@blountsvilleal.com","(205) 429-2406","www.blountsvilleal.com"
"Blue Springs	2571 Highway 10 Clio, AL 36017	(334) 400-5101		townofbluesprings@gmail.com","townofbluesprings@gmail.com","(334) 400-5101",""
"Boaz	P.O. Box 537 Boaz, AL 35957	(256) 593-7679	www.cityofboaz.org	jeff.sims@cityofboaz.org","jeff.sims@cityofboaz.org","(256) 593-7679","www.cityofboaz.org"
"Boligee	P. O. Box 245 Boligee, AL 35443	(205) 336-8531		boligeemayor@yahoo.com","boligeemayor@yahoo.com","(205) 336-8531",""
"Bon Air	P. O. Box 117 Bon Air, AL 35032	(256) 346-3446		townofbonair@yahoo.com","townofbonair@yahoo.com","(256) 346-3446",""
"Brantley	P. O. Box 44 Brantley, AL 36009	(334) 527-8624	www.townofbrantley.org	diane.townofbrantley@gmail.com","diane.townofbrantley@gmail.com","(334) 527-8624","www.townofbrantley.org"
"Brent	P. O. Box 220 Brent, AL 35034	(205) 926-4643	cityofbrentalabama.com	cityofbrent@bellsouth.net","cityofbrent@bellsouth.net","(205) 926-4643",""
"Brewton	P. O. Box 368 Brewton, AL 36427	(251) 809-1770	www.cityofbrewton.org	bhartin@cityofbrewton.org","bhartin@cityofbrewton.org","(251) 809-1770","www.cityofbrewton.org"
"Bridgeport	P. O. Box 747 Bridgeport, AL 35740	(256) 495-3892	www.cityofbridgeportalabama.com	bridgeportcit126@bellsouth.net","bridgeportcit126@bellsouth.net","(256) 495-3892","www.cityofbridgeportalabama.com"
"Brighton	3700 Main Street Brighton, AL 35020	(205) 428-9547		cityofbrighton@att.net","cityofbrighton@att.net","(205) 428-9547",""
"Brilliant	P. O. Box 407 Brilliant, AL 35548	(205) 465-2281	www.brilliantal.org	townofbrilliant@gmail.com","townofbrilliant@gmail.com","(205) 465-2281","www.brilliantal.org"
"Brookside	P. O. Box 142 Brookside, AL 35036	(205) 674-9275	www.brooksidealabama.com	dkeedy@townofbrookside.net","dkeedy@townofbrookside.net","(205) 674-9275","www.brooksidealabama.com"
"Brookwood	16048 Highway 216 Brookwood, AL 35444	(205) 556-1300	https://cityofbrookwoodal.gov	lbarger@cityofbrookwoodal.gov","lbarger@cityofbrookwoodal.gov","(205) 556-1300","https://cityofbrookwoodal.gov"
"Brundidge	P. O. Box 638 Brundidge, AL 36010	(334) 735-2385	www.brundidge.org	lindafaust@troycable.net","lindafaust@troycable.net","(334) 735-2385","www.brundidge.org"
"Butler	P. O. Box 455 Butler, AL 36904	(205) 459-3795	www.butleralabama.org	townclerk@butleralabama.org","townclerk@butleralabama.org","(205) 459-3795","www.butleralabama.org"
"Calera	7901 Highway 31 Calera, AL 35040	(205) 668-3500	cityofcalera.org	cpayton@calera.org","cpayton@calera.org","(205) 668-3500",""
"Camden	108 Water St. Camden, AL 36726	(334) 682-4603		camdench@frontiernet.net","camdench@frontiernet.net","(334) 682-4603",""
"Camp Hill	P. O. Box 100 Camp Hill, AL 36850	(256) 896-4148		thetownofcamphill@yahoo.com","thetownofcamphill@yahoo.com","(256) 896-4148",""
"Carbon Hill	P. O. Box 519 Carbon Hill, AL 35549	(205) 924-9961	www.cityofcarbonhill.com	chclerk2011@gmail.com","chclerk2011@gmail.com","(205) 924-9961","www.cityofcarbonhill.com"
"Carolina	P.O. Box 13 Andalusia, AL 36420","","",""
"Carrollton	P. O. Box 169 Carrollton, AL 35447	(205) 367-8711		ebgoodson@yahoo.com","ebgoodson@yahoo.com","(205) 367-8711",""
"Castleberry	P. O. Box 97 Castleberry, AL 36432	(251) 966-2141		syoung4toc1738@yahoo.com","syoung4toc1738@yahoo.com","(251) 966-2141",""
"Cedar Bluff	P. O. Box 38 Cedar Bluff, AL 35959	(256) 779-6121	www.cedarbluff-al.org	jburt@cedarbluffal.org","jburt@cedarbluffal.org","(256) 779-6121","www.cedarbluff-al.org"
"Center Point	2209 Center Point Parkway Center Point, AL 35215	(205) 854-4460	https://www.cityofcenterpoint.org/	cityclerk@centerpointal.org","cityclerk@centerpointal.org","(205) 854-4460","https://www.cityofcenterpoint.org"
"Centre	635 Armory Rd Centre, AL 35960	(256) 927-5222	cityofcentre.org	centreal@tds.net","centreal@tds.net","(256) 927-5222",""
"Centreville	1270 Walnut Street Centreville, AL 35042	(205) 926-4995	www.cityofcentreville.com	megan@cityofcentreville.com","megan@cityofcentreville.com","(205) 926-4995","www.cityofcentreville.com"
"Chatom	P. O. Box 817 Chatom, AL 36518	(251) 847-2580	www.chatom.org	chatomtownhall@gmail.com","chatomtownhall@gmail.com","(251) 847-2580","www.chatom.org"
"Chelsea	P. O. Box 111 Chelsea, AL 35043	(205) 678-8455	www.cityofchelsea.com	cetheredge@cityofchelsea.com","cetheredge@cityofchelsea.com","(205) 678-8455","www.cityofchelsea.com"
"Cherokee	P. O. Box D Cherokee, AL 35616	(256) 359-4959		townhall@cherokeetel.net","townhall@cherokeetel.net","(256) 359-4959",""
"Cherokee Ridge	8 Creekwood Court Cherokee Ridge, AL 35175	(256) 681-0005	www.townofcherokeeridge.com	townofcherokeeridge@gmail.com","townofcherokeeridge@gmail.com","(256) 681-0005","www.townofcherokeeridge.com"
"Chickasaw	224 N. Craft Hwy. Chickasaw, AL 36671	(251) 452-6450	www.cityofchickasaw.org	mross@cityofchickasaw.org","mross@cityofchickasaw.org","(251) 452-6450","www.cityofchickasaw.org"
"Childersburg	201 8th Ave SW Childersburg, AL 35044	(256) 378-5521	www.childersburg.org.	aburnette@childersburg.org","aburnette@childersburg.org","(256) 378-5521","www.childersburg.org"
"Citronelle	19135 S. Main St. Citronelle, AL 36522	(251) 866-7973	www.cityofcitronelle.com	citron365@cityofcitronelle.com","citron365@cityofcitronelle.com","(251) 866-7973","www.cityofcitronelle.com"
"Clanton	P. O. Box 580 Clanton, AL 35046	(205) 755-1105	www.clanton.al.us	sellison@clantonal.gov","sellison@clantonal.gov","(205) 755-1105","www.clanton.al.us"
"Clay	P. O. Box 345 Clay, AL 35048	(205) 680-1223	clayalabama.org	janderton@clayalabama.org","janderton@clayalabama.org","(205) 680-1223",""
"Clayhatchee	1 West Main Street Daleville, AL 36322	(334) 598-4321		clayhatchee1967@gmail.com","clayhatchee1967@gmail.com","(334) 598-4321",""
"Clayton	P. O. Box 385 Clayton, AL 36016	(334) 775-9176		latashakincey@bellsouth.net","latashakincey@bellsouth.net","(334) 775-9176",""
"Cleveland	P. O. Box 186 Cleveland, AL 35049	(205) 274-9640		clevelan@otelco.net","clevelan@otelco.net","(205) 274-9640",""
"Clio	P. O. Box 219 Clio, AL 36017	(334) 397-2723		cityclerk@clioal.com","cityclerk@clioal.com","(334) 397-2723",""
"Coaling	P. O. Box 10 Coaling, AL 35449	(205) 507-0200	www.coalingalabama.com	townofcoaling@yahoo.com","townofcoaling@yahoo.com","(205) 507-0200","www.coalingalabama.com"
"Coffee Springs	P. O. Box 8 Coffee Springs, AL 36318	(334) 684-8181		townofcoffeesprings@gmail.com","townofcoffeesprings@gmail.com","(334) 684-8181",""
"Coffeeville	P. O. Box 10 Coffeeville, AL 36524	(251) 276-3266		townofcoffeeville@msn.com","townofcoffeeville@msn.com","(251) 276-3266",""
"Coker	P. O. Box 278 Coker, AL 35452	(205) 333-8181	www.townofcoker.com	townofcoker@att.net","townofcoker@att.net","(205) 333-8181","www.townofcoker.com"
"Collinsville	P. O. Box 390 Collinsville, AL 35961	(256) 524-2135	www.collinsvillealabama.net	cityclerk@collinsvillealabama.net","cityclerk@collinsvillealabama.net","(256) 524-2135","www.collinsvillealabama.net"
"Colony	65 Byars Road Hanceville, AL 35077	(256) 287-1192	www.co.cullman.al.us/municipalities/colony.html	townofcolonyal@outlook.com","townofcolonyal@outlook.com","(256) 287-1192","www.co.cullman.al.us"
"Columbia	P. O. Box 339 Columbia, AL 36319	(334) 696-4417		columbiatownclerk@centurytel.net","columbiatownclerk@centurytel.net","(334) 696-4417",""
"Columbiana	107 Mildred St. Columbiana, AL 35051	(205) 669-5800	www.cityofcolumbiana.com	ctucker@cityofcolumbiana.com","ctucker@cityofcolumbiana.com","(205) 669-5800","www.cityofcolumbiana.com"
"Coosada	P. O. Box 96 Coosada, AL 36020	(334) 285-3700	www.townofcoosada.com	coosada@elmore.rr.com","coosada@elmore.rr.com","(334) 285-3700","www.townofcoosada.com"
"Cordova	154 Main Street Cordova, AL 35550	(205) 483-9266		clerk@cordovacity.com","clerk@cordovacity.com","(205) 483-9266",""
"Cottonwood	P. O. Box 447 Cottonwood, AL 36320	(334) 691-2671	www.cottonwoodalabama.com	cotwood@graceba.net","cotwood@graceba.net","(334) 691-2671","www.cottonwoodalabama.com"
"County Line	P. O. Box 130 Trafford, AL 35172	(205) 590-1649	mycountyline.org	townofcountyline@mycountyline.org","townofcountyline@mycountyline.org","(205) 590-1649",""
"Courtland	P. O. Box 160 Courtland, AL 35618	(256) 637-2707		vickie@townofcourtland.org","vickie@townofcourtland.org","(256) 637-2707",""
"Cowarts	P. O. Box 69 Cowarts, AL 36321	(334) 792-8920		townofcowarts@graceba.net","townofcowarts@graceba.net","(334) 792-8920",""
"Creola	P. O. Box 490 Creola, AL 36525	(251) 675-8142	www.cityofcreola.org	mbrown@cityofcreola.org","mbrown@cityofcreola.org","(251) 675-8142","www.cityofcreola.org"
"Crossville	P. O. Box 100 Crossville, AL 35962	(256) 528-7121	www.crossvillealabama.com	cvilletownclerk@crossvillealabama.com","cvilletownclerk@crossvillealabama.com","(256) 528-7121","www.crossvillealabama.com"
"Cuba	P. O. Box 385 Cuba, AL 36907	(205) 392-7181		cubaclerk@att.net","cubaclerk@att.net","(205) 392-7181",""
"Cullman	P. O. Box 278 Cullman, AL 35056	(256) 775-7109	www.cullmanal.org	cityhall@cullmanal.gov","cityhall@cullmanal.gov","(256) 775-7109","www.cullmanal.org"
"Cusseta	P. O. Box 104 Cusseta, AL 36852	(334) 742-3620		cussetatownclerk@gmail.com","cussetatownclerk@gmail.com","(334) 742-3620",""
"Dadeville	265 N. Broadnax St. Dadeville, AL 36853	(256) 825-9242	www.cityofdadevilleal.org	deborahjohns125@gmail.com","deborahjohns125@gmail.com","(256) 825-9242","www.cityofdadevilleal.org"
"Daleville	P. O. Box 188 Daleville, AL 36322	(334) 598-2345	www.dalevilleal.com	clerk@dalevilleal.com","clerk@dalevilleal.com","(334) 598-2345","www.dalevilleal.com"
"Daphne	P. O. Box 400 Daphne, AL 36526	(251) 620-1000	www.daphneal.com	cityclerk@daphneal.com","cityclerk@daphneal.com","(251) 620-1000","www.daphneal.com"
"Dauphin Island	1011 Bienville Blvd Dauphin Island, AL 36528	(251) 861-5525	www.townofdauphinisland.org	wsandagger@townofdauphinisland.org","wsandagger@townofdauphinisland.org","(251) 861-5525","www.townofdauphinisland.org"
"Daviston	P. O. Box 26 Daviston, AL 36256	(334) 275-0170		Townofdaviston@gmail.com","Townofdaviston@gmail.com","(334) 275-0170",""
"Dayton	27181 Hwy. 28 Faunsdale, AL 36738	 		wmpoole@bellsouth.net","wmpoole@bellsouth.net","",""
"Deatsville	P. O. Box 220167 Deatsville, AL 36022	(334) 285-9881		sandyray101@aol.com","sandyray101@aol.com","(334) 285-9881",""
"Decatur	P. O. Box 488 Decatur, AL 35602	(256) 341-4500	www.decaturalabamausa.com	mayorsoffice@decatur-al.gov","mayorsoffice@decatur-al.gov","(256) 341-4500","www.decaturalabamausa.com"
"Demopolis	P. O. Box 580 Demopolis, AL 36732	(334) 289-0577	www.demopolisal.gov	sam.gross@demopolisal.gov","sam.gross@demopolisal.gov","(334) 289-0577","www.demopolisal.gov"
"Detroit	P. O. Box 114 Detroit, AL 35552	(205) 273-4294		townofdetroit@centurytel.net","townofdetroit@centurytel.net","(205) 273-4294",""
"Dodge City	130 Howard Circle Hanceville, AL 35077	(256) 287-0364	https://dodgecitytown.com	dodgecityal@gmail.com","dodgecityal@gmail.com","(256) 287-0364","https://dodgecitytown.com"
"Dora	1485 Sharon Blvd. Dora, AL 35062	(205) 648-3211	www.cityofdora.com	doracityclerk@yahoo.com","doracityclerk@yahoo.com","(205) 648-3211","www.cityofdora.com"
"Dothan	P. O. Box 2128 Dothan, AL 36302	(334) 615-3160	www.dothan.org	wshiver@dothan.org","wshiver@dothan.org","(334) 615-3160","www.dothan.org"
"Double Springs	P. O. Box 279 Double Springs, AL 35553	(205) 489-5447	https://townofdoublesprings.municipalimpact.com	wcourington@double-springs.com","wcourington@double-springs.com","(205) 489-5447","https://townofdoublesprings.municipalimpact.com"
"Douglas	P. O. Box 45 Douglas, AL 35964	(256) 593-9531	www.douglasal.com	townclerk@douglasal.com","townclerk@douglasal.com","(256) 593-9531","www.douglasal.com"
"Dozier	P. O. Box 216 Dozier, AL 36028	(334) 496-3742		kdean000@centurytel.net","kdean000@centurytel.net","(334) 496-3742",""
"Dutton	P. O. Box 6 Dutton, AL 35744	(256) 228-6392		duttonto@farmerstel.com","duttonto@farmerstel.com","(256) 228-6392",""
"East Brewton	P. O. Box 2010 East Brewton, AL 36427	(251) 867-6092	www.eastbrewton.org	eastbrewton@gmail.com","eastbrewton@gmail.com","(251) 867-6092","www.eastbrewton.org"
"Eclectic	145 Main St. Eclectic, AL 36024	(334) 541-4429	www.townofeclectic.com	townclerk@townofeclectic.com","townclerk@townofeclectic.com","(334) 541-4429","www.townofeclectic.com"
"Edwardsville	P. O. Box 8 Edwardsville, AL 36261	(256) 463-8608		larry1948@aol.com","larry1948@aol.com","(256) 463-8608",""
"Elba	200 Buford St. Elba, AL 36323	(334) 897-2333	www.elbaal.gov	sbane@elbaal.gov","sbane@elbaal.gov","(334) 897-2333","www.elbaal.gov"
"Elberta	P. O. Box 277 Elberta, AL 36530	(251) 986-5995	www.townofelberta.com	townhall@townofelberta.com","townhall@townofelberta.com","(251) 986-5995","www.townofelberta.com"
"Eldridge	P. O. Box 99 Eldridge, AL 35554	(205) 924-4383		eldridgetown@yahoo.com","eldridgetown@yahoo.com","(205) 924-4383",""
"Elkmont	P. O. Box 387 Elkmont, AL 35620	(256) 732-4211		elkmontown@ardmore.net","elkmontown@ardmore.net","(256) 732-4211",""
"Elmore	P. O. Box 204 Elmore, AL 36025	(334) 514-5988	www.townofelmore.com	clerk@townofelmore.com","clerk@townofelmore.com","(334) 514-5988","www.townofelmore.com"
"Emelle	P. O. Box 97 Emelle, AL 35459	(205) 652-4385	www.emellealabama.com	roywillingham@bellsouth.net","roywillingham@bellsouth.net","(205) 652-4385","www.emellealabama.com"
"Enterprise	P. O. Box 311000 Enterprise, AL 36331	(334) 347-1211	www.enterpriseal.gov	bsweeney@enterpriseal.gov","bsweeney@enterpriseal.gov","(334) 347-1211","www.enterpriseal.gov"
"Epes	P. O. Box 127 Epes, AL 35460	(205) 652-2994	www.cityofepesalabama.com","","(205) 652-2994","www.cityofepesalabama.com"
"Eufaula	P. O. Box 219 Eufaula, AL 36072	(334) 688-2000	www.eufaulaalabama.com	jwhite@eufaulaalabama.com","jwhite@eufaulaalabama.com","(334) 688-2000","www.eufaulaalabama.com"
"Eutaw	P. O. Box 431 Eutaw, AL 35462	(205) 372-4212	EutawAL.gov	cityhall@eutawal.gov","cityhall@eutawal.gov","(205) 372-4212",""
"Eva	P. O. Box 68 Eva, AL 35621	(256) 796-7360		townofeva@bellsouth.net","townofeva@bellsouth.net","(256) 796-7360",""
"Evergreen	P. O. Box 229 Evergreen, AL 36401	(251) 578-1574	www.evergreenal.org	info@evergreenal.org","info@evergreenal.org","(251) 578-1574","www.evergreenal.org"
"Excel	P. O. Box 369 Excel, AL 36439	(251) 765-2558		townofexcel@conexuswireless.net","townofexcel@conexuswireless.net","(251) 765-2558",""
"Fairfield	4701 Gary Avenue Fairfield, AL 35064	(205) 788-2492	www.fairfieldal.us	yreynolds@fairfieldal.us","yreynolds@fairfieldal.us","(205) 788-2492","www.fairfieldal.us"
"Fairhope	P. O. Drawer 429 Fairhope, AL 36533	(251) 928-2136	www.fairhopeal.gov	lisa.hanks@fairhopeal.gov","lisa.hanks@fairhopeal.gov","(251) 928-2136","www.fairhopeal.gov"
"Fairview	7525 Al Hwy 69, N Cullman, AL 35058	(256) 796-5424		dshedd2003@yahoo.com","dshedd2003@yahoo.com","(256) 796-5424",""
"Falkville	P. O. Box 407 Falkville, AL 35622	(256) 784-5922	www.falkville.org	destes@falkville.org","destes@falkville.org","(256) 784-5922","www.falkville.org"
"Faunsdale	P. O. Box 211 Faunsdale, AL 36738	(334) 628-4871		townoffaunsdale@outlook.com","townoffaunsdale@outlook.com","(334) 628-4871",""
"Fayette	203 Temple Avenue, N. Fayette, AL 35555	(205) 932-5367	www.fayetteal.org	dsclapp97@gmail.com","dsclapp97@gmail.com","(205) 932-5367","www.fayetteal.org"
"Five Points	P. O. Box 147 Five Points, AL 36855	(334) 864-0004		clerkfivepointsalabama@gmail.com","clerkfivepointsalabama@gmail.com","(334) 864-0004",""
"Flomaton	P. O. Box 632 Flomaton, AL 36441	(251) 296-2431		cmoore@flomatonal.org","cmoore@flomatonal.org","(251) 296-2431",""
"Florala	P. O. Box 351 Florala, AL 36442	(334) 858-3612	https://www.cityofflorala.com/	cityclerk@cityofflorala.com","cityclerk@cityofflorala.com","(334) 858-3612","https://www.cityofflorala.com"
"Florence	P. O. Box 98 Florence, AL 35631	(256) 760-6678	www.florenceal.org	bleyde@florenceal.org","bleyde@florenceal.org","(256) 760-6678","www.florenceal.org"
"Foley	P. O. Box 1750 Foley, AL 36536	(251) 943-1545	www.cityoffoley.org	cwatkins@cityoffoley.org","cwatkins@cityoffoley.org","(251) 943-1545","www.cityoffoley.org"
"Forkland	P. O. Box 126 Forkland, AL 36740	(334) 289-3032		forklandclerk@gmail.com","forklandclerk@gmail.com","(334) 289-3032",""
"Fort Deposit	P. O. Box 260 Fort Deposit, AL 36032	(334) 227-4841	https://fortdeposital.gov/	mayor@fort-deposit.net","mayor@fort-deposit.net","(334) 227-4841","https://fortdeposital.gov"
"Fort Payne	100 Alabama Ave., N. Fort Payne, AL 35967	(256) 845-1524	www.fortpayne.org	bclayton@fortpayne.org","bclayton@fortpayne.org","(256) 845-1524","www.fortpayne.org"
"Franklin	1660 Alabama Hwy. 49 Tuskegee, AL 36083	(334) 727-2111		msegrest@franklinalabama.com","msegrest@franklinalabama.com","(334) 727-2111",""
"Fredonia	P. O. Box 66 Five Points, AL 36855	(706) 594-7616","","(706) 594-7616",""
"Frisco City	P. O. Box 119 Frisco City, AL 36445	(251) 267-3439		friscocityhall1@gmail.com","friscocityhall1@gmail.com","(251) 267-3439",""
"Fruithurst	P. O. Box 160 Fruithurst, AL 36262	(256) 579-2105		fruithurstalabama@gmail.com","fruithurstalabama@gmail.com","(256) 579-2105",""
"Fulton	P. O. Box 67 Fulton, AL 36446	(334) 636-9527	www.clarkecounty.com/fulton	fultonclerk@bellsouth.net","fultonclerk@bellsouth.net","(334) 636-9527","www.clarkecounty.com"
"Fultondale	P. O. Box 699 Fultondale, AL 35068	(205) 841-4481	www.fultondale.com	cityclerk@fultondaleal.gov","cityclerk@fultondaleal.gov","(205) 841-4481","www.fultondale.com"
"Fyffe	P. O. Box 8 Fyffe, AL 35971	(256) 623-7298	fyffecitylimits.com	fyffetownclerk@farmerstel.com","fyffetownclerk@farmerstel.com","(256) 623-7298",""
"Gadsden	P. O. Box 267 Gadsden, AL 35902	(256) 549-4516	cityofgadsden.com	inelson@cityofgadsden.com","inelson@cityofgadsden.com","(256) 549-4516",""
"Gainesville	P. O. Box 73 Gainesville, AL 35464	(205) 652-7551		townofgainesville@outlook.com","townofgainesville@outlook.com","(205) 652-7551",""
"Gantt	P. O. Box 8 Gantt, AL 36038	(334) 388-4786		christy.cartwright@gantttownhall.com","christy.cartwright@gantttownhall.com","(334) 388-4786",""
"Garden City	P. O. Box 172 Garden City, AL 35070	(256) 352-5408	co.cullman.al.us/municipalities/gardencity.html	clerk@gardencityal.gov","clerk@gardencityal.gov","(256) 352-5408",""
"Gardendale	P. O. Box 889 Gardendale, AL 35071	(205) 631-8789	www.cityofgardendale.com	info@cityofgardendale.com","info@cityofgardendale.com","(205) 631-8789","www.cityofgardendale.com"
"Gaylesville	P.O. Box 156 Gaylesville, AL 35973	(256) 422-3568","","(256) 422-3568",""
"Geiger	201 Broadway St. Geiger, AL 35459	(205) 455-2811","","(205) 455-2811",""
"Geneva	P. O. Box 37 Geneva, AL 36340	(334) 684-2485	www.cityofgeneva.com	ljohnson@genevaal.gov","ljohnson@genevaal.gov","(334) 684-2485","www.cityofgeneva.com"
"Georgiana	P. O. Box 310 Georgiana, AL 36033	(334) 376-2555	www.cityofgeorgiana.com	cityofgeorgiana@camelliacom.com","cityofgeorgiana@camelliacom.com","(334) 376-2555","www.cityofgeorgiana.com"
"Geraldine	P. O. Box 183 Geraldine, AL 35974	(256) 659-2122	www.townofgeraldineal.com	clerk@townofgeraldineal.com","clerk@townofgeraldineal.com","(256) 659-2122","www.townofgeraldineal.com"
"Gilbertown	P.O. Box 152 Gilbertown, AL 36908	(251) 843-2766		clerkgilbertown@outlook.com","clerkgilbertown@outlook.com","(251) 843-2766",""
"Glen Allen	P. O. Box 40 Glen Allen, AL 35559	(205) 487-2014		townglenallen@yahoo.com","townglenallen@yahoo.com","(205) 487-2014",""
"Glencoe	201 West Chastain Blvd. Glencoe, AL 35905	(256) 492-1424	www.cityofglencoe.net	jannagardner@cityofglencoe.org","jannagardner@cityofglencoe.org","(256) 492-1424","www.cityofglencoe.net"
"Glenwood	P. O. Box 217 Glenwood, AL 36034	(334) 335-4463		glenwood@troycable.net","glenwood@troycable.net","(334) 335-4463",""
"Good Hope	135 Municipal Drive Cullman, AL 35057	(256) 739-3757	www.goodhopeal.com	clerk@goodhopeal.com","clerk@goodhopeal.com","(256) 739-3757","www.goodhopeal.com"
"Goodwater	P. O. Box 45 Goodwater, AL 35072	(256) 839-6301		tina@cityofgoodwater.com","tina@cityofgoodwater.com","(256) 839-6301",""
"Gordo	P. O. Box 348 Gordo, AL 35466	(205) 364-7111		krpatterson@townofgordo.com","krpatterson@townofgordo.com","(205) 364-7111",""
"Gordon	P. O. Box 46 Gordon, AL 36343	(334) 522-3113	https://townofgordon.org	townofgordon@gmail.com","townofgordon@gmail.com","(334) 522-3113","https://townofgordon.org"
"Gordonville	494 Wall St. Gordonville, AL 36040	(334) 521-8025		gordonvillealmayor@gmail.com","gordonvillealmayor@gmail.com","(334) 521-8025",""
"Goshen	P. O. Box 146 Goshen, AL 36035	(334) 484-3246		goshenal@troycable.net","goshenal@troycable.net","(334) 484-3246",""
"Grant	P. O. Box 70 Grant, AL 35747	(256) 728-2007	www.grantal.org	elooney@grantal.org","elooney@grantal.org","(256) 728-2007","www.grantal.org"
"Graysville	P. O. Box 130 Graysville, AL 35073	(205) 674-5643	www.graysvillecity.com	contact@graysville.org","contact@graysville.org","(205) 674-5643","www.graysvillecity.com"
"Greensboro	1101 Main Street Greensboro, AL 36744	(334) 624-8119		cook0719@bellsouth.net","cook0719@bellsouth.net","(334) 624-8119",""
"Greenville	P. O. Box 158 Greenville, AL 36037	(334) 382-2647	www.greenville-alabama.com	dee@cityofgville.com","dee@cityofgville.com","(334) 382-2647","www.greenville-alabama.com"
"Grimes	1984 County Road 25 Dothan, AL 36303	(334) 803-0224		jackirk67@yahoo.com","jackirk67@yahoo.com","(334) 803-0224",""
"Grove Hill	P. O. Box 847 Grove Hill, AL 36451	(251) 275-3153	https://townofgrovehillalabama.com	townclerk@ghcity.org","townclerk@ghcity.org","(251) 275-3153","https://townofgrovehillalabama.com"
"Guin	P. O. Box 249 Guin, AL 35563	(205) 468-2242	www.guinal.org	cityofguin@guinal.org","cityofguin@guinal.org","(205) 468-2242","www.guinal.org"
"Gulf Shores	P. O. Box 299 Gulf Shores, AL 36547	(251) 968-1124	www.gulfshoresal.gov	wparris@gulfshoresal.gov","wparris@gulfshoresal.gov","(251) 968-1124","www.gulfshoresal.gov"
"Guntersville	341 Gunter Ave. Guntersville, AL 35976	(256) 571-7560	www.guntersvilleal.org	cityclerk@guntersvilleal.org","cityclerk@guntersvilleal.org","(256) 571-7560","www.guntersvilleal.org"
"Gurley	P. O. Box 128 Gurley, AL 35748	(256) 776-3313	www.townofgurleyal.com	townclerks@townofgurleyal.com","townclerks@townofgurleyal.com","(256) 776-3313","www.townofgurleyal.com"
"Hackleburg	P. O. Box 279 Hackleburg, AL 35564	(205) 935-3133		townofhburg@centurytel.net","townofhburg@centurytel.net","(205) 935-3133",""
"Haleburg	1396 Main St. Columbia, AL 36319	(334) 696-2277","","(334) 696-2277",""
"Haleyville	911 21st St. Haleyville, AL 35565	(205) 486-3121	https://www.cityofhaleyville.com/	charbin@cityofhaleyville.com","charbin@cityofhaleyville.com","(205) 486-3121","https://www.cityofhaleyville.com"
"Hamilton	P. O. Box 188 Hamilton, AL 35570	(205) 921-2121	www.cityofhamilton.org	aowen@hamiltoncityal.org","aowen@hamiltoncityal.org","(205) 921-2121","www.cityofhamilton.org"
"Hammondville	37646 Us Highway 11 Hammondville, AL 35989	(256) 635-6374	https://hammondville.org	hammondvilletownclerk@gmail.com","hammondvilletownclerk@gmail.com","(256) 635-6374","https://hammondville.org"
"Hanceville	112 Main St., S.E. Hanceville, AL 35077	(256) 352-9830	www.cityofhanceville.net	twilcox@cityofhanceville.net","twilcox@cityofhanceville.net","(256) 352-9830","www.cityofhanceville.net"
"Harpersville	P. O. Box 370 Harpersville, AL 35078	(205) 672-9961	www.harpersvilleal.gov	townclerk@harpersvilleal.gov","townclerk@harpersvilleal.gov","(205) 672-9961","www.harpersvilleal.gov"
"Hartford	203 West Main St. Hartford, AL 36344	(334) 588-2245	www.cityofhartfordal.org	CityClerk@cityofhartfordal.org","CityClerk@cityofhartfordal.org","(334) 588-2245","www.cityofhartfordal.org"
"Hartselle	611 Chestnut St NW Hartselle, AL 35640	(256) 773-2535	www.hartselle.org	rlee@hartselle.org","rlee@hartselle.org","(256) 773-2535","www.hartselle.org"
"Hayden	P. O. Box 493 Hayden, AL 35079	(205) 543-6881	www.townofhayden.com	haydentownhall@haydenal.gov","haydentownhall@haydenal.gov","(205) 543-6881","www.townofhayden.com"
"Hayneville	P. O. Box 365 Hayneville, AL 36040	(334) 548-2128		sasmith1@htcnet.net","sasmith1@htcnet.net","(334) 548-2128",""
"Headland	25 Grove Street Headland, AL 36345	(334) 785-5601	www.headlandalabama.org	cityclerk@headlandalabama.org","cityclerk@headlandalabama.org","(334) 785-5601","www.headlandalabama.org"
"Heath	P. O. Box 1414 Andalusia, AL 36420	(334) 222-2289","","(334) 222-2289",""
"Heflin	P. O. Box 128 Heflin, AL 36264	(256) 463-2290	www.cityofheflin.org	towen@cityofheflin.org","towen@cityofheflin.org","(256) 463-2290","www.cityofheflin.org"
"Helena	P. O. Box 613 Helena, AL 35080	(205) 663-2161	www.cityofhelena.org	mharris@cityofhelena.org","mharris@cityofhelena.org","(205) 663-2161","www.cityofhelena.org"
"Henagar	P. O. Box 39 Henagar, AL 35978	(256) 657-6282	www.cityofhenagar.com	cityofhenagar@farmerstel.com","cityofhenagar@farmerstel.com","(256) 657-6282","www.cityofhenagar.com"
"Highland Lake	612 Lakeshore Dr. Highland Lake, AL 35121	(205) 625-6407	www.townofhighlandlake.com	highlandlake612@gmail.com","highlandlake612@gmail.com","(205) 625-6407","www.townofhighlandlake.com"
"Hillsboro	P. O. Box 10 Hillsboro, AL 35643	(256) 637-2070		cityofhillsboro1@bellsouth.net","cityofhillsboro1@bellsouth.net","(256) 637-2070",""
"Hobson City	715 Martin L. King, Jr. Dr. Hobson City, AL 36201	(256) 831-4940	www.townofhobsoncity.com	hobsoncityclerk@bellsouth.net","hobsoncityclerk@bellsouth.net","(256) 831-4940","www.townofhobsoncity.com"
"Hodges	P. O. Box 87 Hodges, AL 35571	(205) 935-3445		townofhodges1907@outlook.com","townofhodges1907@outlook.com","(205) 935-3445",""
"Hokes Bluff	P. O. Box 2338 East Gadsden, AL 35903	(256) 492-2414	www.cityofhokesbluff.com	hbcity@cityofhokesbluff.com","hbcity@cityofhokesbluff.com","(256) 492-2414","www.cityofhokesbluff.com"
"Holly Pond	P. O. Box 9 Holly Pond, AL 35083	(256) 796-2124	www.townofhollypond.com	townofhollypond@outlook.com","townofhollypond@outlook.com","(256) 796-2124","www.townofhollypond.com"
"Hollywood	P. O. Box 240 Hollywood, AL 35752	(256) 259-4845	www.thetownofhollywood.com	townofhollywood@yahoo.com","townofhollywood@yahoo.com","(256) 259-4845","www.thetownofhollywood.com"
"Homewood	P. O. Box 59666 Homewood, AL 35259	(205) 332-6100	www.homewoodal.net	bo.seagrist@homewoodal.org","bo.seagrist@homewoodal.org","(205) 332-6100","www.homewoodal.net"
"Hoover	100 Municipal Lane Hoover, AL 35216	(205) 444-7500	www.hooveralabama.gov	wendy.dickerson@hooveralabama.gov","wendy.dickerson@hooveralabama.gov","(205) 444-7500","www.hooveralabama.gov"
"Hueytown	1318 Hueytown Road Hueytown, AL 35023	(205) 491-7010	http://hueytownal.org	kfouts@hueytownal.org","kfouts@hueytownal.org","(205) 491-7010","http://hueytownal.org"
"Huntsville	P. O. Box 308 Huntsville, AL 35804	(256) 427-5000	www.huntsvilleal.gov	shaundrika.edwards@huntsvilleal.gov","shaundrika.edwards@huntsvilleal.gov","(256) 427-5000","www.huntsvilleal.gov"
"Hurtsboro	P. O. Box 358 Hurtsboro, AL 36860	(334) 667-7771	www.hurtsboro.us	townclerkhurtsboro@gmail.com","townclerkhurtsboro@gmail.com","(334) 667-7771","www.hurtsboro.us"
"Hytop	30332 Alabama Highway 79 Scottsboro, AL 35768	(256) 587-6094		hytoptown@centurytel.net","hytoptown@centurytel.net","(256) 587-6094",""
"Ider	P. O. Box 157 Ider, AL 35981	(256) 657-4184		townofiderclerk@farmerstel.com","townofiderclerk@farmerstel.com","(256) 657-4184",""
"Indian Springs	2635 Cahaba Valley Rd. Indian Springs, AL 35124	(205) 982-1755	www.indianspringsvillage.org	townclerk@indianspringsvillage.org","townclerk@indianspringsvillage.org","(205) 982-1755","www.indianspringsvillage.org"
"Irondale	P.O. Box 100188 Irondale, AL 35210	(205) 956-9200	https://www.cityofirondaleal.gov	mlockridge@cityofirondaleal.gov","mlockridge@cityofirondaleal.gov","(205) 956-9200","https://www.cityofirondaleal.gov"
"Jackson	P. O. Box 1096 Jackson, AL 36545	(251) 246-2461	http://cityofjacksonal.com	info@cityhalljacksonal.com","info@cityhalljacksonal.com","(251) 246-2461","http://cityofjacksonal.com"
"Jackson's Gap	P. O. Box 162 Jackson's Gap, AL 36861	(256) 825-8518	townofjacksonsgap.com	kt.jgmtownhall@gmail.com","kt.jgmtownhall@gmail.com","(256) 825-8518",""
"Jacksonville	320 Church Ave SE Jacksonville, AL 36265	(256) 435-7611	www.jacksonville-al.org	cityhall@jacksonville-al.org","cityhall@jacksonville-al.org","(256) 435-7611","www.jacksonville-al.org"
"Jasper	P. O. Box 1589 Jasper, AL 35502	(205) 221-2100	www.jaspercity.com	kchambless@jaspercity.com","kchambless@jaspercity.com","(205) 221-2100","www.jaspercity.com"
"Jemison	P. O. Box 609 Jemison, AL 35085	(205) 688-4492	www.jemisonalabama.org	cityofjemison@gmail.com","cityofjemison@gmail.com","(205) 688-4492","www.jemisonalabama.org"
"Kellyton	P. O. Box 75 Kellyton, AL 35089	(256) 786-1703","","(256) 786-1703",""
"Kennedy	P. O. Box 70 Kennedy, AL 35574	(205) 596-3670		townofkennedy@gmail.com","townofkennedy@gmail.com","(205) 596-3670",""
"Killen	P. O. Box 27 Killen, AL 35645	(256) 757-1246		kclerk1@att.net","kclerk1@att.net","(256) 757-1246",""
"Kilpatrick	27 County Road 179 Albertville, AL 35951	(256) 849-0934	kilpatrickal.org	clerk@kilpatrickal.org","clerk@kilpatrickal.org","(256) 849-0934",""
"Kimberly	P. O. Box 206 Kimberly, AL 35091	(205) 647-5551	www.kimberlyal.gov	duane.whatley@kimberlyal.gov","duane.whatley@kimberlyal.gov","(205) 647-5551","www.kimberlyal.gov"
"Kinsey	6947 Walden Drive Kinsey, AL 36303	(334) 793-5409		townofkinsey@graceba.net","townofkinsey@graceba.net","(334) 793-5409",""
"Kinston	P. O. Box 26 Kinston, AL 36453	(334) 565-3188		townofkinston@centurytel.net","townofkinston@centurytel.net","(334) 565-3188",""
"Lafayette	P. O. Box 87 Lafayette, AL 36862	(334) 864-7181	http://lafayetteal.com/	info@cityoflafayetteal.com","info@cityoflafayetteal.com","(334) 864-7181","http://lafayetteal.com"
"Lake View	22757 Central Park Dr. Lake View, AL 35111	(205) 477-1999		cityclerk@lakeviewalabama.gov","cityclerk@lakeviewalabama.gov","(205) 477-1999",""
"Lakeview	P. O. Box 85 Geraldine, AL 35974	(256) 659-4021","","(256) 659-4021",""
"Lanett	P. O. Box 290 Lanett, AL 36863	(334) 644-2141	www.cityoflanett.com	dgilbert@cityoflanett.com","dgilbert@cityoflanett.com","(334) 644-2141","www.cityoflanett.com"
"Langston	9277 County Road 67 Langston, AL 35755	(256) 228-6414		townoflangston@farmerstel.com","townoflangston@farmerstel.com","(256) 228-6414",""
"Leeds	1400 9th Street Leeds, AL 35094	(205) 699-2585	https://leedsalabama.gov	tarbitelle@leedsalabama.gov","tarbitelle@leedsalabama.gov","(205) 699-2585","https://leedsalabama.gov"
"Leesburg	215 Industrial Boulevard Leesburg, AL 35983	(256) 526-8890	www.leesburgal.com	leesburg@tds.net","leesburg@tds.net","(256) 526-8890","www.leesburgal.com"
"Leighton	P. O. Box 308 Leighton, AL 35646	(256) 446-8477		leiclerk308@att.net","leiclerk308@att.net","(256) 446-8477",""
"Level Plains	1708 Joe Bruer Road Daleville, AL 36322	(334) 347-0422		levelplains@yahoo.com","levelplains@yahoo.com","(334) 347-0422",""
"Lexington	P. O. Box 457 Lexington, AL 35648	(256) 229-5221	www.lexingtonal.org	townlex@lexingtonal.org","townlex@lexingtonal.org","(256) 229-5221","www.lexingtonal.org"
"Lincoln	P. O. Box 172 Lincoln, AL 35096	(205) 763-7777	www.lincolnalabama.com	Brittany.smith@lincolnal.org","Brittany.smith@lincolnal.org","(205) 763-7777","www.lincolnalabama.com"
"Linden	211 North Main St. Linden, AL 36748	(334) 295-5051	www.lindenalabama.net	bapcannon@yahoo.com","bapcannon@yahoo.com","(334) 295-5051","www.lindenalabama.net"
"Lineville	P. O. Box 247 Lineville, AL 36266	(256) 396-2581	www.cityoflinevilleal.com	cityoflineville@gmail.com","cityoflineville@gmail.com","(256) 396-2581","www.cityoflinevilleal.com"
"Lipscomb	5512 Avenue H Lipscomb, AL 35020	(205) 428-6374		assistantclerk@cityoflipscomb.org","assistantclerk@cityoflipscomb.org","(205) 428-6374",""
"Lisman	P. O. Box 157 Lisman, AL 36912	(205) 398-3889		lismantownhall@tds.net","lismantownhall@tds.net","(205) 398-3889",""
"Littleville	1810 George Wallace Hwy Russellville, AL 35654	(256) 332-3567		townoflittleville@gmail.com","townoflittleville@gmail.com","(256) 332-3567",""
"Livingston	P. O. Box W Livingston, AL 35470	(205) 652-2505	https://www.cityoflivingstonal.com/	kwatts@livingstonal.com","kwatts@livingstonal.com","(205) 652-2505","https://www.cityoflivingstonal.com"
"Loachapoka	P. O. Box 10 Loachapoka, AL 36865	(334) 821-1921		townofloachapoka.36865@gmail.com","townofloachapoka.36865@gmail.com","(334) 821-1921",""
"Lockhart	P. O. Box 216 Lockhart, AL 36455	(334) 858-6744		lockhartth@fairpoint.net","lockhartth@fairpoint.net","(334) 858-6744",""
"Locust Fork	P. O. Box 67 Locust Fork, AL 35097	(205) 681-4581	www.locustfork.com	townclerk@locustfork.com","townclerk@locustfork.com","(205) 681-4581","www.locustfork.com"
"Louisville	P. O. Box 125 Louisville, AL 36048	(334) 266-5210		clerk@louisvillealabama.gov","clerk@louisvillealabama.gov","(334) 266-5210",""
"Lowndesboro	P. O. Box 145 Lowndesboro, AL 36752	(334) 278-3434	townoflowndesboro.org	townoflowndesboro@yahoo.com","townoflowndesboro@yahoo.com","(334) 278-3434",""
"Loxley	P. O. Box 9 Loxley, AL 36551	(251) 964-5162	https://www.cityofloxley.com	melissal@townofloxley.org","melissal@townofloxley.org","(251) 964-5162","https://www.cityofloxley.com"
"Luverne	P. O. Box 249 Luverne, AL 36049	(334) 335-3741	http://luverne.org	cityhall@cityofluvernal.gov","cityhall@cityofluvernal.gov","(334) 335-3741","http://luverne.org"
"Lynn	P. O. Box 145 Lynn, AL 35575	(205) 893-5250	www.lynnalabama.com	marcia-townoflynn@tds.net","marcia-townoflynn@tds.net","(205) 893-5250","www.lynnalabama.com"
"Madison	100 Hughes Road Madison, AL 35758	(256) 772-5600	www.madisonal.gov	lisa.thomas@madisonal.gov","lisa.thomas@madisonal.gov","(256) 772-5600","www.madisonal.gov"
"Madrid	764 Decatur Rd., Box C-48 Cottonwood, AL 36320	(334) 677-5312","","(334) 677-5312",""
"Magnolia Springs	P. O. Box 890 Magnolia Springs, AL 36555	(251) 965-9888	www.townofmagnoliasprings.org	clerk@magnoliasprings-al.com","clerk@magnoliasprings-al.com","(251) 965-9888","www.townofmagnoliasprings.org"
"Malvern	312 S. Main St Slocomb, AL 36375	(334) 793-6537		tmalvern@sw.rr.com","tmalvern@sw.rr.com","(334) 793-6537",""
"Maplesville	P. O. Box 9 Maplesville, AL 36750	(334) 366-4211	www.townofmaplesville.com	maplesvilletowno@bellsouth.net","maplesvilletowno@bellsouth.net","(334) 366-4211","www.townofmaplesville.com"
"Margaret	P. O. Box 309 Margaret, AL 35112	(205) 629-5501		cityofmargaret@gmail.com","cityofmargaret@gmail.com","(205) 629-5501",""
"Marion	P. O. Drawer 959 Marion, AL 36756	(334) 683-6545	www.cityofmarional.org	lwhinton@cityofmarional.org","lwhinton@cityofmarional.org","(334) 683-6545","www.cityofmarional.org"
"Maytown	4505 Town Hall Drive Maytown, AL 35118	(205) 786-8611		townofmaytown@gmail.com","townofmaytown@gmail.com","(205) 786-8611",""
"Mcintosh	P. O. Box 385 Mcintosh, AL 36553	(251) 944-2428		mcitown@yahoo.com","mcitown@yahoo.com","(251) 944-2428",""
"Mckenzie	P. O. Box 151 Mckenzie, AL 36456	(334) 374-2311		mckenziem@centurytel.net","mckenziem@centurytel.net","(334) 374-2311",""
"Mcmullen	P. O. Box 469 Aliceville, AL 35442	(205) 373-2003","","(205) 373-2003",""
"Mentone	P. O. Box 295 Mentone, AL 35984	(256) 634-4444	www.mentonealabama.gov	mentoneal@yahoo.com","mentoneal@yahoo.com","(256) 634-4444","www.mentonealabama.gov"
"Midfield	725 Bessemer Super Hwy. Midfield, AL 35228	(205) 923-7578	www.cityofmidfield.com	cityclerk@cityofmidfield.com","cityclerk@cityofmidfield.com","(205) 923-7578","www.cityofmidfield.com"
"Midland City	P. O. Box 69 Midland City, AL 36350	(334) 983-3511		cityclerk3511@gmail.com","cityclerk3511@gmail.com","(334) 983-3511",""
"Midway	P. O. Box 36 Midway, AL 36053	(334) 529-3261		townofmidway@gmail.com","townofmidway@gmail.com","(334) 529-3261",""
"Millbrook	P. O. Box 630 Millbrook, AL 36054	(334) 285-6428	www.cityofmillbrook.org	lori.davis@cityofmillbrook-al.gov","lori.davis@cityofmillbrook-al.gov","(334) 285-6428","www.cityofmillbrook.org"
"Millport	P. O. Box 365 Millport, AL 35576	(205) 662-4228	www.townofmillportal.com	millporttownclerk@yahoo.com","millporttownclerk@yahoo.com","(205) 662-4228","www.townofmillportal.com"
"Millry	P. O. Box 563 Millry, AL 36558	(251) 846-2698		millrych@gmail.com","millrych@gmail.com","(251) 846-2698",""
"Mobile	P. O. Box 1827 Mobile, AL 36633	(251) 208-7411	www.cityofmobile.org	cityclerk@cityofmobile.org","cityclerk@cityofmobile.org","(251) 208-7411","www.cityofmobile.org"
"Monroeville	P. O. Box 147 Monroeville, AL 36461	(251) 575-2081	monroevilleal.gov	cityclerk@monroevilleal.gov","cityclerk@monroevilleal.gov","(251) 575-2081",""
"Montevallo	541 Main Street Montevallo, AL 35115	(205) 665-2555	www.cityofmontevallo.com	mayorsoffice@cityofmontevallo.com","mayorsoffice@cityofmontevallo.com","(205) 665-2555","www.cityofmontevallo.com"
"Montgomery	P. O. Box 1111 Montgomery, AL 36101	(334) 625-4636	www.montgomeryal.gov	bblalock@montgomeryal.gov","bblalock@montgomeryal.gov","(334) 625-4636","www.montgomeryal.gov"
"Moody	670 Park Ave. Moody, AL 35004	(205) 640-0307	www.moodyalabama.gov	tpatterson@moodyalabama.gov","tpatterson@moodyalabama.gov","(205) 640-0307","www.moodyalabama.gov"
"Mooresville	P. O. Box 42 Mooresville, AL 35649	(256) 509-0422	mooresvillealabama.com	clerk@topknot.us","clerk@topknot.us","(256) 509-0422",""
"Morris	590 Morris Majestic Road Morris, AL 35116	(205) 647-0596		christy@morrisal.us","christy@morrisal.us","(205) 647-0596",""
"Mosses	P. O. Box 296 Hayneville, AL 36040	(334) 563-9141		townofmosses045@gmail.com","townofmosses045@gmail.com","(334) 563-9141",""
"Moulton	720 Seminary St. Moulton, AL 35650	(256) 974-5191	www.cityofmoultonal.com	dpepper@moultoncityal.gov","dpepper@moultoncityal.gov","(256) 974-5191","www.cityofmoultonal.com"
"Moundville	P. O. Box 98 Moundville, AL 35474	(205) 371-2641	www.moundvillealabama.com	carol@moundville.net","carol@moundville.net","(205) 371-2641","www.moundvillealabama.com"
"Mount Vernon	1565 Boyles Avenue Mount Vernon, AL 36560	(251) 829-6633	www.mtvernonal.com	town-clerk1@mountvernonal.org","town-clerk1@mountvernonal.org","(251) 829-6633","www.mtvernonal.com"
"Mountain Brook	P. O. Box 130009 Mountain Brook, AL 35213	(205) 802-2400	www.mtnbrook.org	richardsh@mtnbrook.org","richardsh@mtnbrook.org","(205) 802-2400","www.mtnbrook.org"
"Mulga	P. O. Box 549 Mulga, AL 35118	(205) 781-0645		townclerk@townofmulga.com","townclerk@townofmulga.com","(205) 781-0645",""
"Munford	P. O. Box 10 Munford, AL 36268	(256) 358-9050		townofmunford@bellsouth.net","townofmunford@bellsouth.net","(256) 358-9050",""
"Muscle Shoals	P. O. Box 2624 Muscle Shoals, AL 35662	(256) 386-9200	cityofmuscleshoals.com	mshoals@hiwaay.net","mshoals@hiwaay.net","(256) 386-9200",""
"Myrtlewood	P. O. Box 70 Myrtlewood, AL 36763	(334) 295-4191		townofmyrtlewood@gmail.com","townofmyrtlewood@gmail.com","(334) 295-4191",""
"Napier Field	400 Headquarters St. Napier Field, AL 36303	(334) 983-3548		townofnapierfield@yahoo.com","townofnapierfield@yahoo.com","(334) 983-3548",""
"Natural Bridge	P. O. Box 367 Natural Bridge, AL 35577","","",""
"Nauvoo	P. O. Box 186 Nauvoo, AL 35578	(205) 697-5890	https://nauvooal.gov	nauvootownof@tds.net","nauvootownof@tds.net","(205) 697-5890","https://nauvooal.gov"
"Nectar	P. O. Box 235 Cleveland, AL 35049	(205) 559-8151	www.townofnectar.com	townclk@otelco.net","townclk@otelco.net","(205) 559-8151","www.townofnectar.com"
"Needham	2553 Needham Rd. Needham, AL 36915	(205) 673-3088","","(205) 673-3088",""
"New Brockton	P. O. Box 70 New Brockton, AL 36351	(334) 894-5283		newbrockton1@troycable.net","newbrockton1@troycable.net","(334) 894-5283",""
"New Hope	P. O. Box 419 New Hope, AL 35760	(256) 723-2616	www.cityofnewhope.org	nhcityclerk@nehp.net","nhcityclerk@nehp.net","(256) 723-2616","www.cityofnewhope.org"
"New Site	12791 Hwy. 22 E. New Site, AL 36256	(256) 234-2049	www.townofnewsite.com	townofnewsite1@charter.net","townofnewsite1@charter.net","(256) 234-2049","www.townofnewsite.com"
"Newbern	P. O. Box 127 Newbern, AL 36765	(334) 624-7621	https://newbernal.com/townhall	townofnewbernal@gmail.com","townofnewbernal@gmail.com","(334) 624-7621","https://newbernal.com"
"Newton	P. O. Box 10 Newton, AL 36352	(334) 299-3361		clerk@townofnewtonal.com","clerk@townofnewtonal.com","(334) 299-3361",""
"Newville	P. O. Box 119 Newville, AL 36353	(334) 889-2222		townofnewville@centurytel.net","townofnewville@centurytel.net","(334) 889-2222",""
"North Courtland	P. O. Box 93 North Courtland, AL 35618	(256) 637-6378		northcourtland@outlook.com","northcourtland@outlook.com","(256) 637-6378",""
"North Johns	P. O. Box 156 Adger, AL 35006	(205) 441-4838		townofnorthjohns@gmail.com","townofnorthjohns@gmail.com","(205) 441-4838",""
"Northport	P. O. Box 569 Northport, AL 35476	(205) 339-7000	www.cityofnorthport.org	gwebb@cityofnorthport.org","gwebb@cityofnorthport.org","(205) 339-7000","www.cityofnorthport.org"
"Notasulga	P. O. Box 207 Notasulga, AL 36866	(334) 257-1454	www.notasulgaal.com	binman@townofnotasulga.com","binman@townofnotasulga.com","(334) 257-1454","www.notasulgaal.com"
"Oak Grove	1042 Forest Glen Rd. Oak Grove, AL 35150	(256) 249-9971	www.townofoakgrove.org	clerk@townofoakgrove.org","clerk@townofoakgrove.org","(256) 249-9971","www.townofoakgrove.org"
"Oak Hill	P. O. Box 9 Oak Hill, AL 36766	(251) 746-2642	www.oakhillal.com	bhrb@hillyoak.com","bhrb@hillyoak.com","(251) 746-2642","www.oakhillal.com"
"Oakman	P. O. Box 267 Oakman, AL 35579	(205) 622-3232		Oakmancity@gmail.com","Oakmancity@gmail.com","(205) 622-3232",""
"Odenville	183 Alabama Street Odenville, AL 35120	(205) 629-6366	www.cityofodenville.net	cityclerk@odenvilleal.gov","cityclerk@odenvilleal.gov","(205) 629-6366","www.cityofodenville.net"
"Ohatchee	P. O. Box 645 Ohatchee, AL 36271	(256) 892-3233	townofohatchee.com	townclerk@townofohatchee.com","townclerk@townofohatchee.com","(256) 892-3233",""
"Oneonta	202 Third Ave., E. Oneonta, AL 35121	(205) 274-2150	www.cityofoneonta.us	acole@cityofoneonta.us","acole@cityofoneonta.us","(205) 274-2150","www.cityofoneonta.us"
"Onycha	25660 Gift Shop Rd Opp, AL 36467	(334) 493-7038		Lynnesflorist87@gmail.com","Lynnesflorist87@gmail.com","(334) 493-7038",""
"Opelika	P. O. Box 390 Opelika, AL 36803	(334) 705-5150	www.opelika.org	rjones@opelika-al.gov","rjones@opelika-al.gov","(334) 705-5150","www.opelika.org"
"Opp	P. O. Box 610 Opp, AL 36467	(334) 493-4572	www.cityofopp.com	janb@cityofopp.com","janb@cityofopp.com","(334) 493-4572","www.cityofopp.com"
"Orange Beach	P. O. Box 458 Orange Beach, AL 36561	(251) 981-6979	www.orangebeachal.gov	reberly@orangebeachal.gov","reberly@orangebeachal.gov","(251) 981-6979","www.orangebeachal.gov"
"Orrville	14761 Main Street Orrville, AL 36767	(334) 996-9726		townoforrville11@aol.com","townoforrville11@aol.com","(334) 996-9726",""
"Owens Cross Roads	P. O. Box 158 Owens Cross Roads, AL 35763	(256) 725-4163	https://owenscrossroadsal.gov	christie.eason@owenscrossroadsal.gov","christie.eason@owenscrossroadsal.gov","(256) 725-4163","https://owenscrossroadsal.gov"
"Oxford	P. O. Box 3383 Oxford, AL 36203	(256) 835-6100	www.oxfordalabama.org	alan.atkinson@oxfordal.gov","alan.atkinson@oxfordal.gov","(256) 835-6100","www.oxfordalabama.org"
"Ozark	P. O. Box 1987 Ozark, AL 36361	(334) 774-5393	www.ozarkal.gov	cfo@ozarkal.gov","cfo@ozarkal.gov","(334) 774-5393","www.ozarkal.gov"
"Paint Rock	P. O. Box 143 Paint Rock, AL 35764	(256) 714-3773		clerkatpaintrock@gmail.com","clerkatpaintrock@gmail.com","(256) 714-3773",""
"Parrish	P. O. Box 89 Parrish, AL 35580	(205) 686-9991		townof@parrish.org","townof@parrish.org","(205) 686-9991",""
"Pelham	P. O. Box 1419 Pelham, AL 35124	(205) 620-6400	www.pelhamalabama.gov	mayor@pelhamalabama.gov","mayor@pelhamalabama.gov","(205) 620-6400","www.pelhamalabama.gov"
"Pell City	1905 First Ave., N. Pell City, AL 35125	(205) 338-2244	www.pell-city.com	spruitt@pellcity.gov","spruitt@pellcity.gov","(205) 338-2244","www.pell-city.com"
"Pennington	P. O. Box 40 Pennington, AL 36916	(205) 654-2688	www.towofpennington.com	tcherry@tds.net","tcherry@tds.net","(205) 654-2688","www.towofpennington.com"
"Perdido Beach	9212 Co. Rd 97 Perdido Beach, AL 36530	(251) 962-2200	www.townofperdidobeach.org	clerk@townofperdidobeach.org","clerk@townofperdidobeach.org","(251) 962-2200","www.townofperdidobeach.org"
"Petrey	82 School House Circle Luverne, AL 36049	(334) 268-6724		petreycc@gmail.com","petreycc@gmail.com","(334) 268-6724",""
"Phenix City	601 12th Street Phenix City, AL 36867	(334) 448-2727	www.phenixcityal.gov	mlee@phenixcityal.us","mlee@phenixcityal.us","(334) 448-2727","www.phenixcityal.gov"
"Phil Campbell	P. O. Box 489 Phil Campbell, AL 35581	(205) 993-5313	www.philcampbellal.com	clerkpc@ymail.com","clerkpc@ymail.com","(205) 993-5313","www.philcampbellal.com"
"Pickensville	16831 Hwy. 14 Pickensville, AL 35447	(205) 373-2068		ttown012@centurytel.net","ttown012@centurytel.net","(205) 373-2068",""
"Piedmont	P. O. Box 112 Piedmont, AL 36272	(256) 447-3560	www.piedmontcity.org	carl.hinton@piedmontcity.org","carl.hinton@piedmontcity.org","(256) 447-3560","www.piedmontcity.org"
"Pike Road	P. O. Box 640339 Pike Road, AL 36064	(334) 272-9883	www.pikeroad.us	townclerk@pikeroad.us","townclerk@pikeroad.us","(334) 272-9883","www.pikeroad.us"
"Pinckard	P. O. Box 202 Pinckard, AL 36371	(334) 983-3517		pinckardclerk@tryoycable.net","pinckardclerk@tryoycable.net","(334) 983-3517",""
"Pine Apple	P. O. Box 8 Pine Apple, AL 36768	(251) 746-2514		townofpineapple@yahoo.com","townofpineapple@yahoo.com","(251) 746-2514",""
"Pine Hill	P. O. Drawer 397 Pine Hill, AL 36769	(334) 963-4351		townclerkph@pinebelt.net","townclerkph@pinebelt.net","(334) 963-4351",""
"Pine Level	121 County Road 40, E Pine Level, AL 36066	(334) 310-2913	https://www.pinelevelal.gov	townclerk@pinelevelal.gov","townclerk@pinelevelal.gov","(334) 310-2913","https://www.pinelevelal.gov"
"Pine Ridge	58 Municipal Drive Fort Payne, AL 35968	(256) 845-1183","","(256) 845-1183",""
"Pinson	P. O. Box 1599 Pinson, AL 35126	(205) 680-5556	www.pinsonal.gov	hlind@pinsonal.gov","hlind@pinsonal.gov","(205) 680-5556","www.pinsonal.gov"
"Pisgah	P. O. Box 2 Pisgah, AL 35765	(256) 451-3232		pisgahtownhall@farmerstel.com","pisgahtownhall@farmerstel.com","(256) 451-3232",""
"Pleasant Grove	501 Park Road Pleasant Grove, AL 35127	(205) 744-1720	www.cityofpg.com	pgcityclerk@cityofpg.net","pgcityclerk@cityofpg.net","(205) 744-1720","www.cityofpg.com"
"Pleasant Groves	3973 County Rd. 8 Pleasant Groves, AL 35776	(256) 587-6870		townofpleasantgroves@gmail.com","townofpleasantgroves@gmail.com","(256) 587-6870",""
"Powell	110 Broad St., N. Fyffe, AL 35971	(256) 638-4283		townofpowell@farmerstel.com","townofpowell@farmerstel.com","(256) 638-4283",""
"Prattville	101 W. Main St. Prattville, AL 36067	(334) 595-0103	www.prattvilleal.gov	paula.barlow@prattvilleal.gov","paula.barlow@prattvilleal.gov","(334) 595-0103","www.prattvilleal.gov"
"Priceville	242 Marco Drive Priceville, AL 35603	(256) 355-5476	www.cityofpriceville.com	shannonweissend@cityofpriceville.com","shannonweissend@cityofpriceville.com","(256) 355-5476","www.cityofpriceville.com"
"Prichard	P. O. Box 10427 Prichard, AL 36610	(251) 452-7857	thecityofprichard.org	cityclerk@thecityofprichard.org","cityclerk@thecityofprichard.org","(251) 452-7857",""
"Providence	P. O. Box 581 Linden, AL 36748	(334) 295-8419","","(334) 295-8419",""
"Ragland	220 Fredia St., Suite 102 Ragland, AL 35131	(205) 472-0400		penny.owens@townofragland.org","penny.owens@townofragland.org","(205) 472-0400",""
"Rainbow City	3700 Rainbow Dr. Rainbow City, AL 35906	(256) 413-1217	rbcalabama.com	cityclerk@rbcalabama.com","cityclerk@rbcalabama.com","(256) 413-1217",""
"Rainsville	P. O. Box 309 Rainsville, AL 35986	(256) 638-6331	www.rainsvillealabama.com	cityclerk10@farmerstel.com","cityclerk10@farmerstel.com","(256) 638-6331","www.rainsvillealabama.com"
"Ranburne	21495 Main Street Ranburne, AL 36273	(256) 568-3483	www.ranburnealabama.com	Clerk@ranburnealabama.com","Clerk@ranburnealabama.com","(256) 568-3483","www.ranburnealabama.com"
"Red Bay	P. O. Box 2002 Red Bay, AL 35582	(256) 356-4473	www.cityofredbay.org	clerk@redbay-al.gov","clerk@redbay-al.gov","(256) 356-4473","www.cityofredbay.org"
"Red Level	P. O. Box 236 Red Level, AL 36474	(334) 469-5351		townofredlevel1@gmail.com","townofredlevel1@gmail.com","(334) 469-5351",""
"Reece City	1023 Valley Drive Attalla, AL 35954	(256) 538-6521		rcityclerk@comcast.net","rcityclerk@comcast.net","(256) 538-6521",""
"Reform	P. O. Box 489 Reform, AL 35481	(205) 375-6363	www.cityofreform.com	cityofreform@nctv.com","cityofreform@nctv.com","(205) 375-6363","www.cityofreform.com"
"Rehobeth	221 Malvern Road Rehobeth, AL 36301	(334) 671-5829	www.rehobethal.com	townhall@rehobethal.com","townhall@rehobethal.com","(334) 671-5829","www.rehobethal.com"
"Repton	P. O. Box 35 Repton, AL 36475	(251) 248-2370	www.reptonalabama.com	townofrepton@frontiernet.net","townofrepton@frontiernet.net","(251) 248-2370","www.reptonalabama.com"
"Ridgeville	P. O. Box 423 Attalla, AL 35954	(256) 538-8968","","(256) 538-8968",""
"River Falls	P.O. Box 99 River Falls, AL 36476	(334) 222-3510		slee@riverfallsal.com","slee@riverfallsal.com","(334) 222-3510",""
"Riverside	379 Depot St. Riverside, AL 35135	(205) 338-7692	www.riverside-al.com	riversideclerk@riverside-al.com","riversideclerk@riverside-al.com","(205) 338-7692","www.riverside-al.com"
"Riverview	P. O. Box 2368 Brewton, AL 36427	(251) 867-5378		townofriverview@gmail.com","townofriverview@gmail.com","(251) 867-5378",""
"Roanoke	P. O. Box 1270 Roanoke, AL 36274	(334) 863-4129	www.roanokealabama.org	city@roanokealabama.org","city@roanokealabama.org","(334) 863-4129","www.roanokealabama.org"
"Robertsdale	P. O. Box 429 Robertsdale, AL 36567	(251) 947-8900	www.robertsdale.org	shannonburkett@robertsdale.org","shannonburkett@robertsdale.org","(251) 947-8900","www.robertsdale.org"
"Rockford	P. O. Box 128 Rockford, AL 35136	(256) 377-4911		townclerk@rockfordal.net","townclerk@rockfordal.net","(256) 377-4911",""
"Rogersville	P. O. Box 540 Rogersville, AL 35652	(256) 247-5446	www.visitrogersvilleal.com	m.michael@townofrogersvilleal.com","m.michael@townofrogersvilleal.com","(256) 247-5446","www.visitrogersvilleal.com"
"Rosa	P. O. Box 1454 Oneonta, AL 35121	 		townofrosa.clerk@gmail.com","townofrosa.clerk@gmail.com","",""
"Russellville	P. O. Box 1000 Russellville, AL 35653	(256) 332-6060	http://russellvilleal.org	belinda.jmiller@yahoo.com","belinda.jmiller@yahoo.com","(256) 332-6060","http://russellvilleal.org"
"Rutledge	P. O. Box 85 Rutledge, AL 36071	(334) 335-6624	www.rutledge-al.com	rutledgetownhall@centurytel.net","rutledgetownhall@centurytel.net","(334) 335-6624","www.rutledge-al.com"
"Saint Florian	83 Saint Florian Rd Florence, AL 35630	(256) 767-3690	townofsaintflorianal.com	clerk@townofstflorianal.com","clerk@townofstflorianal.com","(256) 767-3690",""
"Samson	16 E. Main St. Samson, AL 36477	(334) 898-7541	cityofsamson.com	cityofsamson@centurytel.net","cityofsamson@centurytel.net","(334) 898-7541",""
"Sand Rock	1925 Sand Rock Ave. Sand Rock, AL 35983	(256) 523-5898	www.sandrock-al.org	clerk@sandrock-al.org","clerk@sandrock-al.org","(256) 523-5898","www.sandrock-al.org"
"Sanford	P. O. Box 248 Andalusia, AL 36420	(334) 222-0380		robin.bowers@cov.k12.al.us","robin.bowers@cov.k12.al.us","(334) 222-0380",""
"Saraland	727 Saraland Blvd. S. Saraland, AL 36571	(251) 675-5103	www.saraland.org	jsmith@saraland.org","jsmith@saraland.org","(251) 675-5103","www.saraland.org"
"Sardis City	1335 Sardis Drive Sardis City, AL 35956	(256) 593-6492		lstephens@sardiscityal.gov","lstephens@sardiscityal.gov","(256) 593-6492",""
"Satsuma	P. O. Box 517 Satsuma, AL 36572	(251) 675-1440	www.cityofsatsuma.com	jjones@cityofsatsuma.com","jjones@cityofsatsuma.com","(251) 675-1440","www.cityofsatsuma.com"
"Scottsboro	316 S. Broad St. Scottsboro, AL 35768	(256) 912-0502	cityofscottsboro.com	wphillips@cityofscottsboro.com","wphillips@cityofscottsboro.com","(256) 912-0502",""
"Section	P. O. Box 310 Section, AL 35771	(256) 228-3280		sectional@farmerstel.com","sectional@farmerstel.com","(256) 228-3280",""
"Selma	P. O. Box 450 Selma, AL 36702	(334) 874-2102	www.selma-al.gov	iharrison@selma-al.gov","iharrison@selma-al.gov","(334) 874-2102","www.selma-al.gov"
"Semmes	P. O. Box 1757 Semmes, AL 36575	(251) 649-8811	www.cityofsemmesal.gov	debbie@cityofsemmesal.gov","debbie@cityofsemmesal.gov","(251) 649-8811","www.cityofsemmesal.gov"
"Sheffield	P. O. Box 380 Sheffield, AL 35660	(256) 383-0250	www.sheffieldalabama.org	lelledge@sheffieldalabama.org","lelledge@sheffieldalabama.org","(256) 383-0250","www.sheffieldalabama.org"
"Shiloh	P. O. Box 924 Rainsville, AL 35986	(205) 623-1094		mayor@townofshiloh.com","mayor@townofshiloh.com","(205) 623-1094",""
"Shorter	P. O. Box 117 Shorter, AL 36075	(334) 727-9190	www.shorteral.gov	gdavis@shorteral.gov","gdavis@shorteral.gov","(334) 727-9190","www.shorteral.gov"
"Silas	P. O. Box 147 Silas, AL 36919	(251) 542-9505		townsilas@gmail.com","townsilas@gmail.com","(251) 542-9505",""
"Silverhill	P.O. Box 309 Silverhill, AL 36576	(251) 945-5198	www.silverhillalabama.com	townclerk@townofsilverhill.org","townclerk@townofsilverhill.org","(251) 945-5198","www.silverhillalabama.com"
"Skyline	52 Green River Drive Scottsboro, AL 35768	(256) 587-3335		townofskyline23@yahoo.com","townofskyline23@yahoo.com","(256) 587-3335",""
"Slocomb	P. O. Box 1147 Slocomb, AL 36375	(334) 886-2955	www.cityofslocomb.org	cityclerk@slocombal.org","cityclerk@slocombal.org","(334) 886-2955","www.cityofslocomb.org"
"Smiths Station	P. O. Box 250 Smiths Station, AL 36877	(334) 297-8771	www.smithsstational.gov	cyndifarmer@smithsstational.gov","cyndifarmer@smithsstational.gov","(334) 297-8771","www.smithsstational.gov"
"Snead	P. O. Box 505 Snead, AL 35952	(205) 466-3200		townclerk@townofsnead.com","townclerk@townofsnead.com","(205) 466-3200",""
"Somerville	P. O. Box 153 Somerville, AL 35670	(256) 778-8282	www.townofsomerville.org	townofsomerville@aol.com","townofsomerville@aol.com","(256) 778-8282","www.townofsomerville.org"
"South Vinemont	P. O. Box 130 Vinemont, AL 35179	(256) 737-5411	www.townofsouthvinemont.com	info@townofsouthvinemont.comm","info@townofsouthvinemont.comm","(256) 737-5411","www.townofsouthvinemont.com"
"Southside	2255 Highway 77 Southside, AL 35907	(256) 442-9775	www.cityofsouthside.com	cityclerk@cityofsouthside.com","cityclerk@cityofsouthside.com","(256) 442-9775","www.cityofsouthside.com"
"Spanish Fort	7361 Spanish Fort Boulevard Spanish Fort, AL 36527	(251) 626-4884	cityofspanishfort.com	cityclerk@cityofspanishfort.com","cityclerk@cityofspanishfort.com","(251) 626-4884",""
"Springville	P. O. Box 919 Springville, AL 35146	(205) 467-6133	www.springvillealabama.org	cityclerk@cityofspringville.com","cityclerk@cityofspringville.com","(205) 467-6133","www.springvillealabama.org"
"Steele	P. O. Box 425 Steele, AL 35987	(256) 538-8145	www.townofsteele.org	clerk@townofsteele.org","clerk@townofsteele.org","(256) 538-8145","www.townofsteele.org"
"Stevenson	104 Kentucky Ave. Stevenson, AL 35772	(256) 437-3000	www.cityofstevensonalabama.com	s3572@aol.com","s3572@aol.com","(256) 437-3000","www.cityofstevensonalabama.com"
"Sulligent	P. O. Box 365 Sulligent, AL 35586	(205) 698-9111		brad@sulligent.org","brad@sulligent.org","(205) 698-9111",""
"Sumiton	P. O. Box 10 Sumiton, AL 35148	(205) 648-3261	https://thecityofsumiton.org	cityclerk@cityofsumiton.org","cityclerk@cityofsumiton.org","(205) 648-3261","https://thecityofsumiton.org"
"Summerdale	502 W. Lee Avenue Summerdale, AL 36580	(251) 989-6202	summerdalealabama.com	townclerk@summerdaleal.com","townclerk@summerdaleal.com","(251) 989-6202",""
"Susan Moore	39989 State Hwy 75 Altoona, AL 35952	(205) 466-7400		smtownhall21@yahoo.com","smtownhall21@yahoo.com","(205) 466-7400",""
"Sweet Water	P. O. Box 33 Sweet Water, AL 36782	(334) 994-4120	townofsweetwater.com	townofsweetwater@pinebelt.net","townofsweetwater@pinebelt.net","(334) 994-4120",""
"Sylacauga	P. O. Box 390 Sylacauga, AL 35150	(256) 401-2400	www.cityofsylacauga.net	splexico@sylacaugaal.gov","splexico@sylacaugaal.gov","(256) 401-2400","www.cityofsylacauga.net"
"Sylvan Springs	100 Rock Creek Rd Sylvan Springs, AL 35118	(205) 491-3210	https://sylvanspringsal.com/	mkinder@sylvanspringsal.org","mkinder@sylvanspringsal.org","(205) 491-3210","https://sylvanspringsal.com"
"Sylvania	P. O. Box 150 Sylvania, AL 35988	(256) 638-2604	www.sylvaniaalabama.com	clerk@sylvaniaalabama.com","clerk@sylvaniaalabama.com","(256) 638-2604","www.sylvaniaalabama.com"
"Talladega	P.O. Box 498 Talladega, AL 35161	(256) 362-8186	www.talladega.com	jmedlen@talladega.com","jmedlen@talladega.com","(256) 362-8186","www.talladega.com"
"Talladega Springs	40 Granberry Drive Sylacauga, AL 35151	(256) 249-0802		mv7535@yahoo.com","mv7535@yahoo.com","(256) 249-0802",""
"Tallassee	3 Freeman Ave. Tallassee, AL 36078	(334) 283-6571	www.tallassee-al.gov	cityclerk@tallassee-al.gov","cityclerk@tallassee-al.gov","(334) 283-6571","www.tallassee-al.gov"
"Tarrant	1604 Pinson Valley Parkway Tarrant, AL 35217	(205) 849-2800	www.cityoftarrant.com	clerk@cityoftarrant.com","clerk@cityoftarrant.com","(205) 849-2800","www.cityoftarrant.com"
"Taylor	1469 South State Highway 605 Taylor, AL 36301	(334) 677-5079		cityclerk@cityoftaylor.org","cityclerk@cityoftaylor.org","(334) 677-5079",""
"Test Company	PO Box 1270 Montgomery, AL 36102-1270	(334) 262-2566	www.almonline.org	almimistest@gmail.com","almimistest@gmail.com","(334) 262-2566","www.almonline.org"
"Thomaston	P. O. Box 276 Thomaston, AL 36783	(334) 627-3434	www.townofthomaston.com	thomastontot@frontiernet.net","thomastontot@frontiernet.net","(334) 627-3434","www.townofthomaston.com"
"Thomasville	P. O. Box 127 Thomasville, AL 36784	(334) 636-5827	www.thomasvilleal.com	ahuckabee@thomasvilleal.com","ahuckabee@thomasvilleal.com","(334) 636-5827","www.thomasvilleal.com"
"Thorsby	P. O. Box 608 Thorsby, AL 35171	(205) 646-3575	www.townofthorsby.org	crystal11@thorsbyal.com","crystal11@thorsbyal.com","(205) 646-3575","www.townofthorsby.org"
"Town Creek	P. O. Box 190 Town Creek, AL 35672	(256) 685-3344		tccityhall@bellsouth.net","tccityhall@bellsouth.net","(256) 685-3344",""
"Toxey	P. O. Box 318 Toxey, AL 36921	(251) 843-5222		townoftoxey@gmail.com","townoftoxey@gmail.com","(251) 843-5222",""
"Trafford	9239 E. Commercial Ave. Trafford, AL 35172	(205) 647-3751		traffordtownof@bellsouth.net","traffordtownof@bellsouth.net","(205) 647-3751",""
"Triana	640 Sixth St. Madison, AL 35756	(256) 772-0151	www.townoftriana.com	ttriana@bellsouth.net","ttriana@bellsouth.net","(256) 772-0151","www.townoftriana.com"
"Trinity	35 Preston Dr. Trinity, AL 35673	(256) 353-2474	www.trinityal.gov/	apatterson@trinityal.gov","apatterson@trinityal.gov","(256) 353-2474","www.trinityal.gov"
"Troy	P. O. Box 549 Troy, AL 36081	(334) 566-0177	www.troyal.gov	shannon.bryan@troyal.gov","shannon.bryan@troyal.gov","(334) 566-0177","www.troyal.gov"
"Trussville	P. O. Box 159 Trussville, AL 35173	(205) 655-7478	www.trussville.org	city@trussville.org","city@trussville.org","(205) 655-7478","www.trussville.org"
"Tuscaloosa	P. O. Box 2089 Tuscaloosa, AL 35403	(205) 248-5010	www.tuscaloosa.com	cityclerk@tuscaloosa.com","cityclerk@tuscaloosa.com","(205) 248-5010","www.tuscaloosa.com"
"Tuscumbia	P. O. Box 29 Tuscumbia, AL 35674	(256) 383-5463	cityoftuscumbia.org	leabraw@cityoftuscumbia.org","leabraw@cityoftuscumbia.org","(256) 383-5463",""
"Tuskegee	P. O. Box 830687 Tuskegee, AL 36083	(334) 720-0500	www.tuskegeealabama.gov	fclark@tuskegeealabama.gov","fclark@tuskegeealabama.gov","(334) 720-0500","www.tuskegeealabama.gov"
"Twin	6125 State Highway 253 Guin, AL 35563	(295) 468-0036		town029@centurytel.net","town029@centurytel.net","(295) 468-0036",""
"Union	7657 County Rd. 191 Eutaw, AL 35462	(205) 372-3498		uniontownhall@yahoo.com","uniontownhall@yahoo.com","(205) 372-3498",""
"Union Grove	P. O. Box 67 Union Grove, AL 35175	(256) 753-2210		ugub@charter.net","ugub@charter.net","(256) 753-2210",""
"Union Springs	P. O. Box 549 Union Springs, AL 36089	(334) 738-2720	www.unionspringsalabama.com	terronda@unionspringsal.gov","terronda@unionspringsal.gov","(334) 738-2720","www.unionspringsalabama.com"
"Uniontown	P. O. Box 1069 Uniontown, AL 36786	(334) 628-2011	www.uniontownal.org	cityofuniontown@gmail.com","cityofuniontown@gmail.com","(334) 628-2011","www.uniontownal.org"
"Valley	P. O. Box 186 Valley, AL 36854	(334) 756-5220	www.cityofvalley.com	ksnowden@cityofvalley.com","ksnowden@cityofvalley.com","(334) 756-5220","www.cityofvalley.com"
"Valley Grande	5914 Al. Highway 22 Valley Grande, AL 36701	(334) 872-0104	www.cityofvalleygrande.com	kimharris@cityofvalleygrande.com","kimharris@cityofvalleygrande.com","(334) 872-0104","www.cityofvalleygrande.com"
"Valley Head	P. O. Box 126 Valley Head, AL 35989	(256) 635-6814		vhtownhall@farmerstel.com","vhtownhall@farmerstel.com","(256) 635-6814",""
"Vance	17710 Vance Municipal Dr. Vance, AL 35490	(205) 553-8278	http://townofvance.weebly.com/	tburt@townofvance.com","tburt@townofvance.com","(205) 553-8278","http://townofvance.weebly.com"
"Vernon	P. O. Box 357 Vernon, AL 35592	(205) 695-7718		cityofvernon@hotmail.com","cityofvernon@hotmail.com","(205) 695-7718",""
"Vestavia Hills	1032 Montgomery Hwy Vestavia Hills, AL 35216	(205) 837-2861	www.vhal.org	rleavings@vhal.org","rleavings@vhal.org","(205) 837-2861","www.vhal.org"
"Vina	P. O. Box 6 Vina, AL 35593	(256) 356-4996	www.vinaalabama.org	townvina@yahoo.com","townvina@yahoo.com","(256) 356-4996","www.vinaalabama.org"
"Vincent	P. O. Box 49 Vincent, AL 35178	(205) 672-2261	https://www.cityofvincental.com	hthweatt@cityofvincental.com","hthweatt@cityofvincental.com","(205) 672-2261","https://www.cityofvincental.com"
"Vredenburgh	P. O. Box 285 Vredenburgh, AL 36481	(334) 337-4473		tanavrd09@gmail.com","tanavrd09@gmail.com","(334) 337-4473",""
"Wadley	P. O. Box 9 Wadley, AL 36276	(256) 395-2261		l.hopkins@wadleytownhall.org","l.hopkins@wadleytownhall.org","(256) 395-2261",""
"Waldo	39 Sorghum Lane Talladega, AL 35160	(256) 362-9313		waldowaterdept@outlook.com","waldowaterdept@outlook.com","(256) 362-9313",""
"Walnut Grove	P. O. Box 100 Walnut Grove, AL 35990	(205) 589-2553		walnutg@hopper.net","walnutg@hopper.net","(205) 589-2553",""
"Warrior	215 Main St. Warrior, AL 35180	(205) 647-0520	www.cityofwarrior.com	dmixon@cityofwarrior.com","dmixon@cityofwarrior.com","(205) 647-0520","www.cityofwarrior.com"
"Waterloo	P. O. Box 38 Waterloo, AL 35677	(256) 764-3237		TownofWaterlooAL@gmail.com","TownofWaterlooAL@gmail.com","(256) 764-3237",""
"Waverly	P. O. Box 115 Waverly, AL 36879	(334) 887-0999		waverlytownhall@bellsouth.net","waverlytownhall@bellsouth.net","(334) 887-0999",""
"Weaver	500 Anniston St. Weaver, AL 36277	(256) 820-1121	https://weaveral.gov/	CityClerk@WeaverAL.gov","CityClerk@WeaverAL.gov","(256) 820-1121","https://weaveral.gov"
"Webb	P. O. Box 127 Webb, AL 36376	(334) 792-0386		webbth@graceba.net","webbth@graceba.net","(334) 792-0386",""
"Wedowee	P. O. Box 270 Wedowee, AL 36278	(256) 357-2122		townofwedowee@aol.com","townofwedowee@aol.com","(256) 357-2122",""
"West Blocton	P. O. Box 187 West Blocton, AL 35184	(205) 938-7622		bfancher02@gmail.com","bfancher02@gmail.com","(205) 938-7622",""
"West Jefferson	P. O. Box 158 Quinton, AL 35130	(205) 674-3219	https://townofwestjefferson.com	wjtownclerk@yahoo.com","wjtownclerk@yahoo.com","(205) 674-3219","https://townofwestjefferson.com"
"West Point	P. O. Box 1641 Cullman, AL 35056	(256) 734-0006		townofwestpoint@gmail.com","townofwestpoint@gmail.com","(256) 734-0006",""
"Westover	P. O. Box 356 Westover, AL 35185	(205) 678-3375	www.westoveralabama.org	clerk@westoveralabama.org","clerk@westoveralabama.org","(205) 678-3375","www.westoveralabama.org"
"Wetumpka	P. O. Box 1180 Wetumpka, AL 36092	(334) 567-5147	cityofwetumpka.com	trobinson@cityofwetumpka.com","trobinson@cityofwetumpka.com","(334) 567-5147",""
"White Hall	989 Freedom Rd Lowndesboro, AL 36752	(334) 875-5703		townofwhitehall989@gmail.com","townofwhitehall989@gmail.com","(334) 875-5703",""
"Wilsonville	P. O. Box 70 Wilsonville, AL 35186	(205) 669-6180	www.wilsonvilleal.com	wilsonvilleclerk@bellsouth.net","wilsonvilleclerk@bellsouth.net","(205) 669-6180","www.wilsonvilleal.com"
"Wilton	P. O. Box 159 Wilton, AL 35187	(205) 665-2021	www.wiltonalabama.net	wiltontownhall@wilton-al.org","wiltontownhall@wilton-al.org","(205) 665-2021","www.wiltonalabama.net"
"Winfield	P. O. Drawer 1438 Winfield, AL 35594	(205) 487-4337	www.winfieldcity.org	cityclerk@winfieldcity.org","cityclerk@winfieldcity.org","(205) 487-4337","www.winfieldcity.org"
"Woodland	P. O. Box 156 Woodland, AL 36280	(256) 449-2222		townhall13@centurytel.net","townhall13@centurytel.net","(256) 449-2222",""
"Woodstock	28513 Highway 5 Woodstock, AL 35188	(205) 938-9790	www.townofwoodstockal.com	wtownclerktm@gmail.com","wtownclerktm@gmail.com","(205) 938-9790","www.townofwoodstockal.com"
"Woodville	P. O. Box 94 Woodville, AL 35776	(256) 776-2860	https://townofwoodville.net	woodvilletownhall@outlook.com","woodvilletownhall@outlook.com","(256) 776-2860","https://townofwoodville.net"
"Yellow Bluff	80 Park Avenue Pine Hill, AL 36769	(334) 963-4881		townofyellowbluff@gmail.com","townofyellowbluff@gmail.com","(334) 963-4881",""
"York	P. O. Box 37 York, AL 36925	(205) 708-1105	https://www.cityofyorkal.org/	yorkcityof@yahoo.com","yorkcityof@yahoo.com","(205) 708-1105","https://www.cityofyorkal.org"